date,slot,load_actual,load_pred,pv_actual,pv_pred,price_actual,price_pred
2025-03-20,1,3299.0689,3411.507455,0.0,0.0,0.4487,0.42593000000000003
2025-03-20,2,3421.881,3430.8252150000003,0.0,0.0,0.4373,0.42615250000000005
2025-03-20,3,3683.11,3480.915,0.0,0.0,0.4311,0.43889500000000004
2025-03-20,4,3476.737,3474.5117775,0.0,0.0,0.4344,0.44338
2025-03-20,5,3302.6695,3469.5929325,0.0,0.0,0.4238,0.43420249999999994
2025-03-20,6,3426.94,3475.6560000000004,0.0,0.0,0.4296,0.41407249999999995
2025-03-20,7,3609.5343,3530.0308274999998,0.0,0.0,0.4989,0.4257375
2025-03-20,8,3668.9025,3484.176955,0.0,0.0,0.5083,0.4239
2025-03-20,9,3589.3,3438.51375,0.0,0.0,0.4468,0.4097775
2025-03-20,10,3503.6157,3462.619585,0.0,0.0,0.4284,0.4158075
2025-03-20,11,3545.9703,3536.24674,0.0,0.0,0.4436,0.433175
2025-03-20,12,3590.66,3491.6812499999996,0.0,0.0,0.454,0.4356225
2025-03-20,13,3395.9017,3495.48887,0.0,0.0,0.4404,0.41617
2025-03-20,14,3276.7246,3522.335275,0.0,0.0,0.4405,0.415845
2025-03-20,15,3394.28,3575.4375,0.0,0.0,0.4545,0.4400425
2025-03-20,16,3587.5594,3570.2461949999997,0.0,0.0,0.4389,0.44467
2025-03-20,17,3605.7268,3627.0941725000002,0.0,0.0,0.3868,0.44032
2025-03-20,18,3522.79,3657.4567500000003,0.0,0.0,0.3634,0.4425975
2025-03-20,19,3631.2618,3539.9595,0.0,0.0,0.4416,0.42255999999999994
2025-03-20,20,3731.3543,3485.5902325,0.0,0.0,0.4839,0.4294675
2025-03-20,21,3721.01,3543.32275,0.0,0.0,0.4574,0.4705
2025-03-20,22,3699.7385,3682.53251,0.0,0.0,0.4575,0.4542475
2025-03-20,23,3674.7825,3686.9420874999996,0.0,0.0,0.4629,0.43343
2025-03-20,24,3623.58,3622.0737499999996,0.0,0.0,0.4426,0.43120749999999997
2025-03-20,25,3538.7697,3755.5287774999997,0.0019,0.0,0.4023,0.48198749999999996
2025-03-20,26,3488.7843,3743.6591350000003,0.0,0.0,0.4075,0.46289
2025-03-20,27,3513.51,3648.5147500000003,0.0,0.0,0.452,0.435215
2025-03-20,28,3598.3779,3693.869985,0.0271,0.00471,0.4646,0.44444750000000005
2025-03-20,29,3700.4359,3734.4941549999994,0.0,0.00221,0.4561,0.44622
2025-03-20,30,3753.57,3690.8332499999997,0.0,0.0,0.4379,0.4333575
2025-03-20,31,3716.9811,3630.698835,0.3776,0.0653575,0.4177,0.44103
2025-03-20,32,3707.0664,3706.9735675,0.0,0.03055,0.464,0.4735575
2025-03-20,33,3642.69,3782.49075,0.0,0.0,0.4802,0.45006
2025-03-20,34,3457.8398,3687.2980650000004,5.2594,0.9101175,0.352,0.410325
2025-03-20,35,4028.7787,4079.389345,0.0,0.4257175,0.5794,0.61966
2025-03-20,36,4962.09,4914.99125,0.0,0.0,1.0185,0.9754049999999999
2025-03-20,37,4905.1198,5040.51045,153.4202,28.6206775,0.995,1.0112524999999999
2025-03-20,38,4660.8239,4912.7138625,401.044,123.90516249999999,0.8932,0.9646399999999999
2025-03-20,39,4703.75,4838.6985,675.525,348.6759375,0.9281,0.9616199999999999
2025-03-20,40,4726.9008,4859.9770625,952.6316,645.0327025000001,0.9231,0.9537150000000001
2025-03-20,41,4819.4733,4930.050775,1302.5378,961.0077249999999,0.902,0.9171674999999999
2025-03-20,42,4880.33,4993.69925,1693.2375,1277.416875,0.8707,0.87398
2025-03-20,43,4689.3761,4978.87714,2009.9231,1588.4924725,0.7992,0.839745
2025-03-20,44,4713.3646,5020.87162,2305.9149,1917.3353175,0.7957,0.837555
2025-03-20,45,4827.2,4980.001,2609.7375,2232.2559375,0.8046,0.8011425
2025-03-20,46,4578.156,4767.575742499999,2894.0148,2533.1073775,0.7001,0.7125675
2025-03-20,47,5187.0368,5499.49425,3179.5684,2832.3711325000004,0.8467,0.9142425000000001
2025-03-20,48,6405.59,6706.60825,3476.5125,3161.5725,1.1788,1.26036
2025-03-20,49,6658.0486,6704.331372500001,3761.2255,3477.5724224999994,1.2356,1.271305
2025-03-20,50,6606.6001,6616.058149999999,3976.3717,3777.65798,1.1876,1.1856875
2025-03-20,51,6687.27,6704.41375,4220.325,4060.5646875,1.1569,1.1498625
2025-03-20,52,6649.776,6599.024407500001,4653.7429,4360.219924999999,1.0869,1.1261249999999998
2025-03-20,53,6705.5335,6631.454782499999,5037.5027,4621.91829,1.0527,1.108185
2025-03-20,54,6757.81,6671.1900000000005,5180.8875,4937.112187500001,1.068,1.0915974999999998
2025-03-20,55,6494.2004,6602.465535,5166.4978,5269.088587499999,1.0672,1.09457
2025-03-20,56,6436.4392,6620.962115,5533.329,5413.7941625,1.0563,1.06948
2025-03-20,57,6570.85,6687.88775,6107.7375,5646.99,1.0344,1.0178175
2025-03-20,58,6399.3635,6643.22451,6182.795,5878.51655,0.9937,1.009125
2025-03-20,59,6445.9301,6581.2717125,6198.386,6102.4003925,0.9971,1.0251625
2025-03-20,60,6697.43,6625.6065,6426.1875,6299.407499999999,1.0131,1.0018075
2025-03-20,61,6577.9956,6623.542582499999,6675.2481,6436.102615000001,0.948,0.9965225000000001
2025-03-20,62,6445.2772,6615.263865,6774.004,6543.710225000001,0.9058,0.96486
2025-03-20,63,6473.61,6534.36925,6879.075,6624.2146875,0.9279,0.9505975
2025-03-20,64,6454.2353,6421.8845925,7268.5137,6682.4058625,0.927,0.9777525
2025-03-20,65,6352.336,6437.91142,7455.3554,6897.5899575,0.7628,0.8169424999999999
2025-03-20,66,6279.9,6533.90425,7263.0,7115.2875,0.544,0.5682499999999999
2025-03-20,67,6362.0436,6502.0436150000005,7021.6679,7176.6061725,0.5346,0.5337825
2025-03-20,68,6393.8373,6435.124680000001,7052.8842,7372.9869475,0.5872,0.55975
2025-03-20,69,6360.1,6491.9645,7317.5625,7664.3296875,0.577,0.55499
2025-03-20,70,6424.0276,6481.056872499999,7505.6333,7654.1214,0.5241,0.547155
2025-03-20,71,6379.6216,6334.322255,7635.0323,7509.715874999999,0.5111,0.554495
2025-03-20,72,6168.32,6126.4885,7818.45,7433.3099999999995,0.5158,0.525655
2025-03-20,73,5958.8116,6014.42641,8082.9395,7517.640047499999,0.4519,0.5144899999999999
2025-03-20,74,5855.2299,6059.571582500001,8090.5707,7552.2656725,0.4435,0.4982575
2025-03-20,75,5883.66,6031.915749999999,7709.3625,7460.6137499999995,0.4915,0.47182
2025-03-20,76,6006.2794,5959.959425000001,7205.256,7304.3571,0.4972,0.45837249999999996
2025-03-20,77,6168.3548,6025.1761675,7206.9442,7226.5198825,0.6604,0.6505925
2025-03-20,78,6351.38,6311.288750000001,7525.8,7195.729687499999,0.9001,0.9033899999999999
2025-03-20,79,6510.6216,6440.668635,7339.075,7107.87493,0.9125,0.9397025000000001
2025-03-20,80,6358.8315,6396.976615000001,6900.6338,6873.102874999999,0.919,0.917595
2025-03-20,81,6039.3,6311.801500000001,6610.0125,6718.212187499999,0.9817,0.9373849999999999
2025-03-20,82,6028.9848,6351.2394349999995,6642.1795,6682.843365,0.9361,0.9321375000000001
2025-03-20,83,6177.7813,6295.672727499999,6806.5377,6508.524835,0.8829,0.9289375
2025-03-20,84,6280.02,6166.66375,6799.95,6328.2318749999995,0.8924,0.93092
2025-03-20,85,6283.4823,6218.848345,6453.6137,6201.054034999999,0.9351,0.940525
2025-03-20,86,6314.912,6226.1856025,6203.5886,6042.1107125,0.9817,0.966685
2025-03-20,87,6352.79,6168.78025,6115.6875,5784.970312500001,1.0267,0.995965
2025-03-20,88,6259.4213,6310.706880000001,5837.6616,5569.201195,1.0547,1.06839
2025-03-20,89,6190.1146,6274.9798525,5431.9635,5268.8730075,0.9267,0.9503225
2025-03-20,90,6156.64,6125.071,5072.775,4924.333125,0.7137,0.7071625000000001
2025-03-20,91,6039.3659,6138.607265000001,4855.4545,4669.769725,0.6525,0.7134674999999999
2025-03-20,92,6054.6789,6195.6600849999995,4561.8383,4467.449365,0.6799,0.7858175000000001
2025-03-20,93,6187.68,6165.721750000001,4146.825,4219.76625,0.7301,0.7898274999999999
2025-03-20,94,6195.3721,6189.642717500001,3778.6785,3880.3953925,0.805,0.82097
2025-03-20,95,6186.1376,6145.3611550000005,3471.4229,3521.49261,0.8788,0.8223499999999999
2025-03-20,96,6200.17,6056.58275,3156.225,3151.216875,0.9089,0.7992600000000001
2025-03-20,97,6153.3743,5999.269345000001,2779.805,2812.0199525,0.8767,0.85605
2025-03-20,98,6101.7592,6097.017599999999,2507.3559,2495.6233975,0.8888,0.9087025
2025-03-20,99,6118.95,6099.86275,2334.4125,2188.7521875,0.9441,0.9346375
2025-03-20,100,6209.4949,6074.16358,2077.0816,1829.6346825,0.946,0.9621175000000001
2025-03-20,101,6190.199,6066.334645,1733.8533,1511.68213,0.9677,0.9766525
2025-03-20,102,6102.19,6089.007,1377.7125,1217.9371875000002,1.0139,1.00252
2025-03-20,103,6143.2969,6115.5401775,1083.9022,900.0338200000001,1.0152,1.039815
2025-03-20,104,6075.0134,6090.6141099999995,831.8823,607.0529825000001,1.0487,1.0714724999999998
2025-03-20,105,6025.68,6104.193499999999,597.3375,350.7496875,1.0879,1.0940374999999998
2025-03-20,106,6213.4416,6304.4769525,374.8971,136.7723825,1.0391,1.0663525
2025-03-20,107,5394.1467,5571.577995,156.1276,32.13485,1.0932,1.143365
2025-03-20,108,4094.12,4244.497249999999,0.0,0.0,1.2488,1.25799
2025-03-20,109,4187.9837,4144.18307,0.0,0.4546425,1.2993,1.25636
2025-03-20,110,4441.4267,4348.607030000001,5.5774,1.0644725,1.2761,1.2604425000000001
2025-03-20,111,4255.45,4347.2515,0.0,0.0,1.2567,1.301095
2025-03-20,112,4286.5369,4361.90495,0.0,0.03263,1.2773,1.2879500000000002
2025-03-20,113,4470.2464,4303.72602,0.4004,0.0764275,1.2813,1.2615224999999999
2025-03-20,114,4579.24,4260.602000000001,0.0,0.0,1.2693,1.249345
2025-03-20,115,4480.3082,4229.4843025,0.0,0.00234,1.2899,1.27259
2025-03-20,116,4285.5618,4260.796585,0.0288,0.005485,1.2669,1.2901675
2025-03-20,117,4196.78,4253.570750000001,0.0,0.0,1.2323,1.2942175
2025-03-20,118,4330.8684,4316.3205075000005,0.0,0.0,1.2902,1.2768375
2025-03-20,119,4370.9481,4266.620582500001,0.0021,0.00035,1.2824,1.2472575000000001
2025-03-20,120,4358.21,4227.662499999999,0.0,0.0,1.2233,1.2471674999999998
2025-03-20,121,4586.0191,4312.13814,0.0,0.0,1.2789,1.26411
2025-03-20,122,4523.6629,4340.2680199999995,0.0,0.0,1.2779,1.2859925
2025-03-20,123,4215.37,4309.1542500000005,0.0,0.0,1.2388,1.2691375
2025-03-20,124,4256.2469,4321.2273475,0.0,0.0,1.3228,1.3244924999999999
2025-03-20,125,4319.0159,4384.2495075,0.0,0.0,1.1769,1.1816049999999998
2025-03-20,126,4257.25,4420.472,0.0,0.0,0.8862,0.9438325
2025-03-20,127,4290.2681,4375.89306,0.0,0.0,0.917,0.9190925
2025-03-20,128,4418.7036,4316.7660475,0.0,0.0,0.9999,0.936365
2025-03-20,129,4553.6,4312.195250000001,0.0,0.0,0.9964,0.920995
2025-03-20,130,4526.2528,4419.795204999999,0.0,0.0,1.0003,0.9690099999999999
2025-03-20,131,4001.6252,3987.1578925,0.0,0.0,0.7708,0.7667475
2025-03-20,132,3318.94,3270.5665,0.0,0.0,0.419,0.4094175
2025-03-20,133,3233.4088,3209.8593325,0.0,0.0,0.3484,0.3656825
2025-03-20,134,3319.971,3315.0688524999996,0.0,0.0,0.3833,0.43315250000000005
2025-03-20,135,3255.84,3338.95775,0.0,0.0,0.3903,0.42285249999999996
2025-03-20,136,3144.1326,3294.227615,0.0,0.0,0.4126,0.41186
2025-03-20,137,3161.8174,3320.8611975000003,0.0,0.0,0.4343,0.41683499999999996
2025-03-20,138,3296.4,3345.11075,0.0,0.0,0.4428,0.4198525
2025-03-20,139,3356.4081,3435.6548525,0.0,0.0,0.4397,0.4102325
2025-03-20,140,3261.7676,3396.8587424999996,0.0,0.0,0.4049,0.3991525
2025-03-20,141,3267.73,3333.30275,0.0,0.0,0.3814,0.41484750000000004
2025-03-20,142,3604.076,3352.8891375000003,0.0,0.0,0.4248,0.400265
2025-03-20,143,3245.8691,3113.3961225000003,0.0,0.0,0.3795,0.37668749999999995
2025-03-20,144,2401.0,2798.75925,0.0,0.0,0.2794,0.35529750000000004
