date,saving
2025-02-01,-6136.96053050855
2025-02-02,-3615.9324919449864
2025-02-03,-4326.424864848224
2025-02-04,-4943.9461450963645
2025-02-05,-54.78437166497315
2025-02-06,-5011.990725350173
2025-02-07,-6862.853471413597
2025-02-08,-7916.712985423299
2025-02-09,-266.0748833897014
2025-02-10,-5113.508225987265
2025-02-11,-5715.564247415772
2025-02-12,-8899.845305988623
2025-02-13,-2101.4474578074805
2025-02-14,-7083.108733771696
2025-02-15,-7023.048111617878
2025-02-16,-11205.03426673235
2025-02-17,-7124.380442772053
2025-02-18,1929.917862880502
2025-02-19,-463.6987898980151
2025-02-20,-4647.125497510133
2025-02-21,-6409.406498483062
2025-02-22,-6558.309013895327
2025-02-23,-3395.0892524895826
2025-02-24,-4243.919351668708
2025-02-25,-8963.399392448846
2025-02-26,6964.682462576791
2025-02-27,1104.7996738391448
2025-02-28,-6233.691861892461
2025-03-01,-11096.700942099935
2025-03-02,-7919.144263845963
2025-03-03,-11362.376292489149
2025-03-04,-1835.5402778501593
2025-03-05,-12726.131391570525
2025-03-06,-4494.313920230867
2025-03-07,-8578.317547988554
2025-03-08,-7152.73761038197
2025-03-09,-6439.092019233751
2025-03-10,318.18810844182735
2025-03-11,10766.246705947713
2025-03-12,-10831.595409048132
2025-03-13,-766.7261066986975
2025-03-14,-5463.089193426422
2025-03-15,-6632.326192576569
2025-03-16,3.901894627837464
2025-03-17,-1407.7411766216974
2025-03-18,-7756.783035978107
2025-03-19,8442.47500032623
2025-03-20,967.5141294033019
2025-03-21,-7238.911433458536
2025-03-22,-5155.100231903842
2025-03-23,-2978.9317255992282
2025-03-24,-2004.1042799552451
2025-03-25,-4882.524929636384
2025-03-26,2724.9202260658712
2025-03-27,-5948.95174593843
2025-03-28,-6064.034144791243
2025-03-29,-6185.11403969855
2025-03-30,-4032.243053232487
2025-03-31,11224.120674464997
2025-04-01,1772.771046291884
2025-04-02,4261.782487534627
2025-04-03,-3090.6437030116213
2025-04-04,-5947.430452681903
2025-04-05,-2792.467259941004
2025-04-06,-717.6787086423356
2025-04-07,8304.905064518403
2025-04-08,-5546.319160375024
2025-04-09,3795.9439277420606
2025-04-10,-4517.7714757717695
2025-04-11,-5619.862823502979
2025-04-12,-4263.446676832067
2025-04-13,2443.7033483180276
2025-04-14,-7756.788959870159
2025-04-15,6417.264554997535
2025-04-16,1307.6041173282574
2025-04-17,6820.048785007282
2025-04-18,-5049.835805433089
2025-04-19,-5068.886619388351
2025-04-20,8435.242534385034
2025-04-21,-2915.054096417516
2025-04-22,12752.53537990652
2025-04-23,15972.256680580977
2025-04-24,-196.7036671243768
2025-04-25,-6143.940988468519
2025-04-26,-6497.79083221349
2025-04-27,5912.669052696132
2025-04-28,2968.788025446236
2025-04-29,7442.967614316236
2025-04-30,4263.404848537248
2025-05-01,3372.3889799876197
2025-05-02,-11698.569935463103
2025-05-03,-12001.481079627662
2025-05-04,-6960.244909019209
2025-05-05,-1331.6379306713497
2025-05-06,12160.682925287634
2025-05-07,11572.057762382392
2025-05-08,266.7626994786988
2025-05-09,-5873.12819115998
2025-05-10,-6600.096304031147
2025-05-11,3034.1433159108274
2025-05-12,9553.480364808442
2025-05-13,188.8071330669918
2025-05-14,114.14163544476469
2025-05-15,1375.394382822291
2025-05-16,-3804.5595564702635
2025-05-17,-6331.339465415513
2025-05-18,84.25253801201325
2025-05-19,645.2285102640162
2025-05-20,6620.723028074412
2025-05-21,8117.210707687293
2025-05-22,2909.437661315773
2025-05-23,-2191.349747911234
2025-05-24,-1920.5102895595337
2025-05-25,396.26269094573945
2025-05-26,7019.253216632671
2025-05-27,3748.78609413551
2025-05-28,473.90190600472124
2025-05-29,2187.2339228534474
2025-05-30,-530.7197129257074
2025-05-31,-1795.8612026956034
2025-06-01,-4835.732556931078
2025-06-02,3201.5573884411497
2025-06-03,2276.4032062071637
2025-06-04,752.7195805529263
2025-06-05,3948.1967036394562
2025-06-06,-2518.617872262643
2025-06-07,-2192.615219866464
2025-06-08,949.3213892171261
2025-06-09,-561.2400170338005
2025-06-10,-3598.325190972748
2025-06-11,-1544.0112501493131
2025-06-12,-1670.7528087721294
2025-06-13,-1139.0796280391223
2025-06-14,-1392.8401942675919
2025-06-15,-2784.0612569139776
2025-06-16,-3926.680146514409
2025-06-17,-3752.6903570287323
2025-06-18,-3074.3347696666024
2025-06-19,-4594.60316855261
2025-06-20,-414.0357626432087
2025-06-21,-737.5155427464597
2025-06-22,-3219.687794834943
2025-06-23,-1043.9186754423426
2025-06-24,-1812.7141682450092
2025-06-25,-3050.9163985657797
2025-06-26,-3110.3947406875886
2025-06-27,-550.702014976072
2025-06-28,-327.89448527358763
2025-06-29,-4077.7821978516513
2025-06-30,-1450.4279176948621
2025-07-01,1638.2924469062418
2025-07-02,-737.5535779431666
2025-07-03,-3284.937156387634
2025-07-04,-2932.8824478421193
2025-07-05,-907.6486399092755
2025-07-06,7697.659781816561
2025-07-07,-2978.6423417711267
2025-07-08,-1637.8253067695987
2025-07-09,-1617.068124496138
2025-07-10,-1581.6078143949053
2025-07-11,-571.061692706251
2025-07-12,-1193.2166322905941
2025-07-13,-852.2505177713465
2025-07-14,533.0211927557757
2025-07-15,-1895.9594796466408
2025-07-16,4943.558977991161
2025-07-17,5985.904091584642
2025-07-18,-1124.342597419658
2025-07-19,-810.9790544947973
2025-07-20,-390.85737097571837
2025-07-21,-2517.423859274284
2025-07-22,255.20193518931046
2025-07-23,-6212.399550527276
2025-07-24,-1852.1308678208952
2025-07-25,-334.9274041906101
2025-07-26,-323.18742857414327
2025-07-27,4989.327637595445
2025-07-28,3267.443121576587
2025-07-29,5490.345135038835
2025-07-30,12244.166480462096
2025-07-31,4758.971989979684
2025-08-01,-223.89528330678877
2025-08-02,-896.3484523387451
2025-08-03,130.45691366423125
2025-08-04,-294.07502492985805
2025-08-05,5266.902164478917
2025-08-06,3887.8341437134004
2025-08-07,-1983.1986671750274
2025-08-08,-951.8864678057944
2025-08-09,-1944.886499575583
2025-08-10,2687.263991839529
2025-08-11,925.3355317550086
2025-08-12,-484.86207118885795
2025-08-13,6021.5370995634075
2025-08-14,2885.578452797534
2025-08-15,-3111.6740978641174
2025-08-16,-3008.24554040761
2025-08-17,-667.1745273426423
2025-08-18,-1051.5834987536218
2025-08-19,45.68518248011242
2025-08-20,-1491.2640480069094
2025-08-21,-2116.171008836791
2025-08-22,-3820.747349743586
2025-08-23,-3304.0186530452447
2025-08-24,-593.4902011406957
2025-08-25,-1482.5497991357915
2025-08-26,3807.538969144851
2025-08-27,9884.570806449548
2025-08-28,9081.374701490007
2025-08-29,-3729.623754205353
2025-08-30,-4555.46717895216
2025-08-31,6655.827638547664
2025-09-01,-1585.4790741072866
2025-09-02,-2977.720157627329
2025-09-03,-1253.0554517520359
2025-09-04,-2387.5709047534256
2025-09-05,-2596.3889492925737
2025-09-06,-1464.6549762635805
2025-09-07,51.46335229627584
2025-09-08,-888.5005192404278
2025-09-09,862.4256026534058
2025-09-10,-5941.085130451771
2025-09-11,675.1812911712113
2025-09-12,-980.2082744521576
2025-09-13,-801.1591486495599
2025-09-14,-1011.2160860298245
2025-09-15,1045.5081674735848
2025-09-16,-296.9253325755417
2025-09-17,473.7359871500812
2025-09-18,3613.7887885239106
2025-09-19,-2755.446926728291
2025-09-20,-4098.872506669031
2025-09-21,-463.09071342153766
2025-09-22,-952.9328666538277
2025-09-23,-570.2717293782116
2025-09-24,8511.248541076355
2025-09-25,53.59342518156336
2025-09-26,-7365.67799066069
2025-09-27,-5846.541212720978
2025-09-28,-538.4522813662479
2025-09-29,-853.863273390838
2025-09-30,6252.000472155058
2025-10-01,-162.91394460506126
2025-10-02,-49.66117303221836
2025-10-03,-2556.888939010707
2025-10-04,-2536.994128148406
2025-10-05,-1202.3721101914198
2025-10-06,6611.092458230625
2025-10-07,-1268.934897347819
2025-10-08,59.948390867139096
2025-10-09,-203.05479685173486
2025-10-10,-2663.3660886068683
2025-10-11,-5532.466413956525
2025-10-12,262.4203396701705
2025-10-13,-3029.171336769432
2025-10-14,-2203.3405229374257
2025-10-15,-1509.2295733677893
2025-10-16,-799.5123494745858
2025-10-17,-3476.398183365349
2025-10-18,-4299.6490720495385
2025-10-19,-221.2823190698473
2025-10-20,-317.89600325073116
2025-10-21,870.5067262691155
2025-10-22,-1073.7069747524074
2025-10-23,-310.27497031373787
2025-10-24,-7856.11994545472
2025-10-25,-7907.257284628045
2025-10-26,-1220.2115064690006
2025-10-27,-1755.0456239917185
2025-10-28,3449.668345620492
2025-10-29,741.1311093868717
2025-10-30,335.7167196328519
2025-10-31,-7096.517457048169
2025-11-01,-4829.343269759211
2025-11-02,-701.4263565517176
2025-11-03,219.32235372228024
2025-11-04,-1827.3344253516188
2025-11-05,-1394.7959134444682
2025-11-06,-2046.0084938988293
2025-11-07,-5256.067764869458
2025-11-08,-3623.5840786538283
2025-11-09,-729.341210356717
2025-11-10,-1766.114730852125
2025-11-11,82.36850350073655
2025-11-12,-1879.2909846849361
2025-11-13,1319.3152547754653
2025-11-14,-4241.433139666373
2025-11-15,-3820.0937535694975
2025-11-16,-3201.763677177223
2025-11-17,-4965.099819915631
2025-11-18,-2965.5943895086457
2025-11-19,-6172.973202366324
2025-11-20,-3092.2916159114247
2025-11-21,-2472.917079658935
2025-11-22,-4757.213953597195
2025-11-23,-3683.5500852482073
2025-11-24,-2127.012720220082
2025-11-25,-26.200652165520296
2025-11-26,-2225.0856147698432
2025-11-27,-2577.3651702498028
2025-11-28,-3974.9290031918354
2025-11-29,-4588.316759826135
2025-11-30,-2554.039507986585
2025-12-01,-4023.1243009228783
2025-12-02,-3210.5587248290103
2025-12-03,-3809.8795345786784
2025-12-04,-1551.2027680537722
2025-12-05,-718.9090613096196
2025-12-06,-923.8803901178762
2025-12-07,-2566.0161282791814
2025-12-08,-3580.2674424319994
2025-12-09,-1725.9578823175543
2025-12-10,-5155.202860460195
2025-12-11,-3188.12775419277
2025-12-12,-567.4508859794951
2025-12-13,-886.283722337088
2025-12-14,-6548.7037648207115
2025-12-15,-5771.720598523541
2025-12-16,-2224.5994716593414
2025-12-17,-1279.3628073710279
2025-12-18,-5060.953612180398
2025-12-19,-2721.9388695367525
2025-12-20,-2746.310492473902
2025-12-21,-2845.530221741108
2025-12-22,-2616.0503782777378
2025-12-23,-86.70427219037083
2025-12-24,-302.8276706183242
2025-12-25,-3245.6885657022067
2025-12-26,-1725.7493931049612
2025-12-27,-3078.090690076184
2025-12-28,-878.0654829064297
2025-12-29,-3336.2189929096057
2025-12-30,-708.3705608462769
2025-12-31,-630.0829351951543
