date,total_cost,plan_cost,emergency_cost,emergency_kwh,waste_kwh,start_soc,end_soc
2025-02-01,30509.830712619776,30509.830712619776,0.0,0.0,25032.709910999998,8550.0,10200.0
2025-02-02,65320.25599532699,65119.83821544865,200.41777987833242,31.390860666666526,11339.398479166668,10200.0,7200.0
2025-02-03,66443.94662462732,65998.05376971632,445.8928549110014,103.87135683333368,6858.596986000002,7200.0,8550.0
2025-02-04,66029.53371904424,64310.433676915825,1719.1000421284152,422.708606583333,5708.468131416668,8550.0,7200.0
2025-02-05,66482.02615359519,64816.64486323498,1665.3812903602081,390.4685050833332,5439.163518083332,7200.0,8550.0
2025-02-06,62413.010003271396,61537.81597573352,875.1940275378706,217.173957499999,5792.394010083336,8550.0,2700.0
2025-02-07,28861.924933639042,28861.924933639042,0.0,0.0,23342.562229666666,2700.0,7800.0
2025-02-08,27148.458174702122,27148.458174702122,0.0,0.0,22396.265244666665,7800.0,10200.0
2025-02-09,63390.73034624357,60894.51482875686,2496.215517486706,607.1992269166664,5181.491608250002,10200.0,7950.0
2025-02-10,59845.91321430952,59267.84653586702,578.0666784424983,103.24474908333298,8743.130049250001,7950.0,7200.0
2025-02-11,60447.13622446708,60133.288157934745,313.8480665323374,60.531297583334094,7570.4334,7200.0,7200.0
2025-02-12,61287.37692508491,60343.17203858907,944.2048864958324,183.5111101666668,7078.872854333333,7200.0,9300.0
2025-02-13,55372.79656864466,54782.092494072574,590.7040745720849,182.99005291666685,10057.2352695,9300.0,2700.0
2025-02-14,25767.35136618453,25767.35136618453,0.0,0.0,20136.81787483333,2700.0,7050.0
2025-02-15,25348.36646011159,25348.36646011159,0.0,0.0,19302.354283999997,7050.0,10800.0
2025-02-16,58181.723059800126,54991.386999572,3190.3360602281227,728.372359166666,4191.159982750001,10800.0,7050.0
2025-02-17,56607.96059674609,55281.69129842305,1326.26929832304,307.02030575000003,6510.817882,7050.0,7200.0
2025-02-18,55320.115795996295,54000.74834765809,1319.3674483382026,292.4407826666655,4910.2006030833345,7200.0,7050.0
2025-02-19,57516.04461057634,53879.88611733046,3636.1584932458763,972.1045999166668,4246.638009833333,7050.0,7950.0
2025-02-20,53350.99667479345,51690.233338188744,1660.763336604705,400.6868987499992,5651.502682916666,7950.0,2700.0
2025-02-21,23277.59832395643,23277.59832395643,0.0,0.0,19572.193176083332,2700.0,6450.0
2025-02-22,22885.712447300288,22828.007103216954,57.705344083333415,28.723416666666708,15911.447714666663,6450.0,10200.0
2025-02-23,54849.45646039323,50299.259763891605,4550.196696501623,1185.6113434999997,3456.318212083335,10200.0,7200.0
2025-02-24,51981.25039733436,49933.93348938103,2047.3169079533325,450.5257146666662,4142.882360750001,7200.0,7050.0
2025-02-25,52266.91576681167,49773.26108451713,2493.654682294541,698.5385983333335,7245.905435166669,7050.0,7050.0
2025-02-26,54403.362872974154,49024.16988124966,5379.192991724494,1279.794780666666,3138.6691062499995,7050.0,7050.0
2025-02-27,50351.28393254233,45451.871635481584,4899.412297060745,956.1476549999993,4331.993383166668,7050.0,2700.0
2025-02-28,20981.739053334873,20981.739053334873,0.0,0.0,17252.0441185,2700.0,6450.0
2025-03-01,21039.200954296084,21031.391050281585,7.809904014500292,2.4574902500000917,16233.719140416664,6450.0,10800.0
2025-03-02,69782.97429700842,46377.09022075418,23405.884076254242,5177.795343416665,2270.5098043333337,10800.0,7800.0
2025-03-03,74609.15796952548,44996.177075091895,29612.98089443358,6454.613122416666,1793.8734649166674,7800.0,5700.0
2025-03-04,57435.87630629556,47335.22658262531,10100.64972367025,2488.9051425,1584.263212083335,5700.0,7050.0
2025-03-05,51654.78424134975,46823.79653725642,4830.98770409333,1138.901328249999,3867.882149500001,7050.0,7950.0
2025-03-06,50576.654289083424,42584.89868156172,7991.755607521709,1836.96280175,3072.716282500001,7950.0,2700.0
2025-03-07,20252.523158729276,20252.523158729276,0.0,0.0,17633.284719416664,2700.0,6450.0
2025-03-08,20205.634764832073,20205.634764832073,0.0,0.0,19911.976459999998,6450.0,10200.0
2025-03-09,45758.97155748967,44109.23286922384,1649.738688265833,387.41854041666664,6169.325425000001,10200.0,6450.0
2025-03-10,60742.5648129292,45163.89016489663,15578.674648032575,3958.0160624166647,1974.4683416666658,6450.0,6300.0
2025-03-11,50459.208744135154,44928.10734642249,5531.101397712662,1311.0300086666657,3827.8102435833343,6300.0,7050.0
2025-03-12,46337.90213212458,44335.4685168285,2002.433615296084,617.9142531666665,4426.802818666668,7050.0,7800.0
2025-03-13,61909.394475365254,41905.411845393166,20003.982629972088,4806.083069583334,2157.9962469166676,7800.0,3450.0
2025-03-14,19087.679759421517,19087.679759421517,0.0,0.0,21393.052795083328,3450.0,6196.832405462964
2025-03-15,19935.397179030548,19774.872432169504,160.5247468610417,75.76535375000003,16302.192667333333,6196.832405462964,10200.0
2025-03-16,48337.2439543173,42513.292055257676,5823.951899059626,1333.5858936666666,3960.5973040833337,10200.0,7800.0
2025-03-17,42423.153366275896,41381.63721052544,1041.5161557504578,264.6864459999998,7902.994493000003,7800.0,5550.0
2025-03-18,49815.11701841245,42317.91538668508,7497.201631727369,1496.6687354166654,3985.870418833335,5550.0,7200.0
2025-03-19,45382.521173610265,40793.52955563931,4588.991617970958,921.6166619166667,4631.381765416668,7200.0,6450.0
2025-03-20,45189.832784771046,39969.15866015967,5220.6741246113725,1342.939788583333,2554.458907416667,6450.0,2669.573409814816
2025-03-21,17780.97225748803,17780.97225748803,0.0,0.0,24003.51821783333,2669.573409814816,4645.167189351851
2025-03-22,19372.207514986618,19372.207514986618,0.0,0.0,19937.669156999997,4645.167189351851,10200.0
2025-03-23,43399.75267063418,39198.01074339826,4201.741927235921,1085.487903083334,5136.621026500001,10200.0,7050.0
2025-03-24,42492.118263119744,40467.27944147387,2024.8388216458754,666.7652827499999,5213.656857250001,7050.0,6300.0
2025-03-25,49664.10848222196,39438.87709072429,10225.231391497671,2537.2064218333335,2606.9283088333336,6300.0,5550.0
2025-03-26,42867.31564128412,40506.909900655664,2360.4057406284546,670.0641508333317,6078.885594000003,5550.0,7950.0
2025-03-27,41151.94981585027,36769.5984056619,4382.3514101883675,1183.7515179999984,3833.607005250003,7950.0,1950.0
2025-03-28,17909.686806006437,17892.344663942687,17.34214206374959,6.328094166666517,24182.22328775,1950.0,4950.0
2025-03-29,18480.4951906402,18480.4951906402,0.0,0.0,27201.494338916673,4950.0,10200.0
2025-03-30,39187.4878575615,36781.2721660248,2406.2156915367036,728.9012541666651,5885.731255000004,10200.0,7200.0
2025-03-31,44477.60938990024,38658.64762842341,5818.9617614768285,1400.551655083333,4027.6489629999996,7200.0,7950.0
2025-04-01,49922.517106420266,38633.34493472331,11289.172171696953,3472.2035247499985,2370.951724249999,7950.0,7050.0
2025-04-02,60078.34189528764,37680.3582693006,22397.983625987035,5465.5024267499975,2401.822704333333,7050.0,8550.0
2025-04-03,41364.03340234166,35435.543454574334,5928.489947767327,1373.0839855833315,4923.311336749999,8550.0,1950.0
2025-04-04,17092.64499660835,17092.64499660835,0.0,0.0,27532.989936916667,1950.0,5095.4064148148145
2025-04-05,18174.661008971372,18174.661008971372,0.0,0.0,22104.68764691666,5095.4064148148145,10200.0
2025-04-06,38307.266910656006,35223.011706557176,3084.2552040988335,834.5805343333326,3913.0160629166676,10200.0,6450.0
2025-04-07,38500.73960336165,36329.42722945603,2171.3123739056255,774.1826969166666,4359.796982083332,6450.0,6450.0
2025-04-08,42057.53071617713,36683.96261856234,5373.568097614788,1177.1905247499992,4605.007155416668,6450.0,6300.0
2025-04-09,54031.15699174427,36764.445021983614,17266.711969760654,4523.265982749997,1728.6466125833324,6300.0,7200.0
2025-04-10,39498.54620226101,34415.72963126976,5082.816570991249,1143.8839157499992,4563.940939416669,7200.0,1950.0
2025-04-11,16644.05396303962,16644.05396303962,0.0,0.0,28104.233262833328,1950.0,4200.0
2025-04-12,18034.829071588818,17955.705678677485,79.12339291133286,48.61639266666634,24697.89973483333,4200.0,10200.0
2025-04-13,40906.14424241502,33608.34143795802,7297.802804457002,1762.3168223333332,2732.684922166667,10200.0,6300.0
2025-04-14,39890.0315626824,34671.698702416485,5218.332860265913,1316.2659338333322,3790.2367098333316,6300.0,5700.0
2025-04-15,39925.418009448316,35996.422131115774,3928.9958783325415,867.9001791666665,7803.541545583332,5700.0,6450.0
2025-04-16,42145.25359565778,36310.786562142064,5834.46703351571,1604.7936425833336,2547.046729083333,6450.0,6450.0
2025-04-17,35508.09597660821,33320.596477393636,2187.4994992145757,543.4504679166654,3712.3154109999987,6450.0,1950.0
2025-04-18,16149.740319934946,16149.740319934946,0.0,0.0,26337.732024583333,1950.0,4298.460577222222
2025-04-19,17233.38641760355,17233.38641760355,0.0,0.0,25873.584002083335,4298.460577222222,10050.0
2025-04-20,39532.06335786921,32856.09701221557,6675.966345653633,1510.8735419166683,3890.0987418333343,10050.0,6450.0
2025-04-21,36384.76955228255,33662.1306487533,2722.638903529249,765.4389396666663,6680.537755583331,6450.0,5700.0
2025-04-22,40039.71004560836,35884.6819899204,4155.0280556879625,1233.5977114166676,4135.317305500001,5700.0,7200.0
2025-04-23,36978.71014085136,35448.5042460752,1530.205894776162,413.3134884999995,5084.434385250001,7200.0,7050.0
2025-04-24,33332.189250064795,31988.879533178624,1343.3097168861682,327.71328400000044,7464.9060077500035,7050.0,1950.0
2025-04-25,15295.420028776822,15295.420028776822,0.0,0.0,29613.680391083333,1950.0,4200.0
2025-04-26,16910.442196449898,16910.442196449898,0.0,0.0,31577.05886691667,4200.0,10200.0
2025-04-27,36086.81850693756,31096.362444933482,4990.456062004081,1192.2843962499992,5215.548950166667,10200.0,6300.0
2025-04-28,58546.25006947579,32858.73452400463,25687.51554547116,6183.667276833332,1584.704470583335,6300.0,5700.0
2025-04-29,37196.77387434933,34503.24200362063,2693.5318707287015,667.1748546666649,6226.839881166667,5700.0,8550.0
2025-04-30,35159.603566150865,33081.17533341487,2078.4282327360006,554.2254122499996,6833.048376250003,8550.0,7302.921333686112
2025-05-01,47053.26552126121,31069.43149870308,15983.834022558127,3342.584695083333,3904.7964336666664,7302.921333686112,1950.0
2025-05-02,18582.848718153706,15594.401797498704,2988.446920655003,1001.7238032500009,17821.30758958333,1950.0,3449.593408981481
2025-05-03,17701.50417419332,17449.373642958446,252.13053123487424,70.00539641666649,22454.495282,3449.593408981481,10050.0
2025-05-04,46765.32942496433,32316.908777964538,14448.420646999792,3413.982811083335,3905.808267583333,10050.0,6300.0
2025-05-05,57168.289188627175,33875.478784983345,23292.81040364383,5008.216606666666,2772.88055275,6300.0,5700.0
2025-05-06,54806.14944688147,34855.59168886135,19950.55775802012,4277.447350749999,3159.414892833334,5700.0,7050.0
2025-05-07,50067.24164933794,34744.42220737222,15322.819441965727,3272.4400349166626,2897.691426916668,7050.0,5667.227144999077
2025-05-08,50996.190868836566,33667.464070268325,17328.72679856824,4546.182080666666,2049.4191824166655,5667.227144999077,1950.0
2025-05-09,16710.033486925535,16710.033486925535,0.0,0.0,24502.773027711934,1950.0,3437.347999537037
2025-05-10,18822.21660078898,18720.610801984312,101.60579880466653,34.46603674999998,20620.06428425,3437.347999537037,10050.0
2025-05-11,48049.52228725267,33786.218263776675,14263.304023475996,3392.1713916666654,2487.463994083332,10050.0,5700.0
2025-05-12,45943.78908573697,36282.45972035997,9661.329365377002,2563.025609833334,5953.304867083334,5700.0,5700.0
2025-05-13,44550.03307397106,36228.16580025223,8321.86727371883,1995.0838269166654,2907.0217841666677,5700.0,7200.0
2025-05-14,40523.36485776564,36125.64494019269,4397.719917572953,1085.380317416665,4223.760731416667,7200.0,7050.0
2025-05-15,40879.1327999225,34037.05329770596,6842.079502216538,1752.3851221666657,4469.488029416666,7050.0,1950.0
2025-05-16,17043.412873108427,17043.412873108427,0.0,0.0,30744.79272983333,1950.0,3329.6286932407393
2025-05-17,19463.907038658286,19349.744853091288,114.16218556699943,74.12715224999963,23018.255120249996,3329.6286932407393,10050.0
2025-05-18,40715.37127345166,33772.497141301494,6942.8741321501675,1972.9154307499998,3769.7647867500027,10050.0,4950.0
2025-05-19,39102.30263945894,36747.731376251686,2354.5712632072527,453.192093583334,9302.518782750001,4950.0,5700.0
2025-05-20,44932.89493307799,35062.508058021114,9870.386875056874,2398.6237411666666,2876.6479232500005,5700.0,4050.0
2025-05-21,45309.75940406842,37696.972543951175,7612.786860117244,1885.2372479166652,6539.748296666667,4050.0,6300.0
2025-05-22,36164.50213331712,34405.69916383932,1758.8029694777936,422.55704100000065,5569.132941083331,6300.0,1950.0
2025-05-23,16731.586683933463,16731.586683933463,0.0,0.0,27256.880813249998,1950.0,1950.0
2025-05-24,20272.514052213122,20272.514052213122,0.0,0.0,30209.032372416663,1950.0,10050.0
2025-05-25,36457.62988425604,34559.08209452175,1898.5477897342912,451.41456100000016,8294.04076175,10050.0,4950.0
2025-05-26,45782.287164238085,36520.144548179334,9262.142616058749,2444.9359629166665,4154.177230666667,4950.0,4751.093386093524
2025-05-27,39038.309344421396,36430.807124363775,2607.5022200576223,696.3123105833329,6847.627094333333,4751.093386093524,4950.0
2025-05-28,43073.636020219434,35721.079416201974,7352.556604017459,2005.953566083334,5573.86199825,4950.0,2700.0
2025-05-29,45448.911688998385,36606.86155060514,8842.050138393242,2153.292311916665,4636.555290083334,2700.0,1200.0
2025-05-30,17781.13576138099,17741.370491258072,39.765270122916604,19.374065833333304,27416.223719,1200.0,2700.0
2025-05-31,19751.504644976743,19511.714648426743,239.78999654999993,90.52094999999997,25795.38216884156,2700.0,10050.0
2025-06-01,100753.48412182754,36885.302762323685,63868.181359503855,14509.030289833328,201.52147366666665,10050.0,3450.0
2025-06-02,93677.77203758704,41299.16866987281,52378.60336771423,11423.095293916664,1520.8548515833334,3450.0,3450.0
2025-06-03,84656.07589167022,42549.997616803754,42106.07827486646,9525.691742666666,496.984488833334,3450.0,4950.0
2025-06-04,78357.86279091184,42955.16540144013,35402.6973894717,8481.694378749999,550.5594710000005,4950.0,3450.0
2025-06-05,74704.36727631639,45227.614213307235,29476.75306300915,6657.493209499997,455.89051866666654,3450.0,1200.0
2025-06-06,27735.874795449254,21515.26290758743,6220.6118878618245,1797.0199480833307,8961.703544666665,1200.0,1200.0
2025-06-07,27211.730322384847,26046.175489174348,1165.554833210499,408.4111891666663,8868.817121333333,1200.0,10050.0
2025-06-08,51855.08478051443,45712.63513871905,6142.449641795378,1502.3421768333335,7238.400667250001,10050.0,1950.0
2025-06-09,66738.81170831039,49971.54435754393,16767.26735076645,3766.8803289999987,2831.5802187500017,1950.0,1950.0
2025-06-10,65158.66721948302,51334.55283308152,13824.114386401496,3156.977365999999,2648.6003056666655,1950.0,2700.0
2025-06-11,79957.0240615001,51474.53031760707,28482.493743893032,5757.115625166665,1898.4292404166683,2700.0,2550.0
2025-06-12,61407.164023423,52513.64601759901,8893.518005823993,1935.853917666665,3364.3858819166694,2550.0,1200.0
2025-06-13,25185.029947275798,24465.336084992174,719.6938622836258,181.72034316666688,15282.828252166666,1200.0,1950.0
2025-06-14,28791.89502708495,28764.57723969045,27.317787394499653,11.447490999999843,19339.775191,1950.0,9300.0
2025-06-15,56056.37784320675,51333.42759997555,4722.950243231203,966.8000109999984,6978.9100683333345,9300.0,1950.0
2025-06-16,60009.87506383153,57050.34596642595,2959.5290974055843,715.922930416667,6318.722387333331,1950.0,1950.0
2025-06-17,64486.28718475438,56692.23842248555,7794.048762268833,1553.7276261666666,5184.739354000001,1950.0,1950.0
2025-06-18,58447.49319884461,57628.897444249946,818.5957545946687,204.95464025000052,8739.558609666667,1950.0,1950.0
2025-06-19,57902.25544874778,56776.304736886115,1125.9507118616655,249.91554049999957,11565.322273333335,1950.0,1200.0
2025-06-20,27562.643593411856,27562.643593411856,0.0,0.0,28059.946775916666,1200.0,1950.0
2025-06-21,29674.4387536618,29674.4387536618,0.0,0.0,30524.322028833332,1950.0,9300.0
2025-06-22,55087.271144842925,55007.19439466205,80.07675018087534,30.721335500000123,13749.239120583334,9300.0,1950.0
2025-06-23,59809.813879652414,59627.42363565704,182.39024399537425,74.11091974999965,15874.586057750003,1950.0,1950.0
2025-06-24,68069.90910404602,60673.72895793056,7396.180146115455,1497.5473814166658,7083.396222833333,1950.0,1950.0
2025-06-25,61758.312652412336,59997.272560246005,1761.0400921663309,463.9015920833328,13010.856242833335,1950.0,1950.0
2025-06-26,58040.356077236895,58010.92208856023,29.43398867666429,7.116774999999421,14682.196424833333,1950.0,1200.0
2025-06-27,28249.510762150876,28249.510762150876,0.0,0.0,33798.877513333326,1200.0,1200.0
2025-06-28,30912.24233828674,30912.24233828674,0.0,0.0,30368.326393083335,1200.0,7950.0
2025-06-29,58073.93776014837,57340.63522848408,733.3025316642921,189.8578048333334,13635.98922625,7950.0,1950.0
2025-06-30,61582.97148452848,59276.61880994248,2306.352674585999,542.3940529166665,13239.3485905,1950.0,1200.0
2025-07-01,82200.48568409594,65980.98871208316,16219.49697201279,4195.628382583333,9541.451194833335,1200.0,1200.0
2025-07-02,81048.0939304501,64338.43771888805,16709.656211562033,4236.408997999999,13739.214052416666,1200.0,1950.0
2025-07-03,83645.36730275501,63655.208194404666,19990.159108350337,4827.20757475,6043.559257750001,1950.0,1200.0
2025-07-04,32935.648691442606,31626.24088233411,1309.4078091084987,533.9401759166665,23679.47755808333,1200.0,1950.0
2025-07-05,34540.09617269991,33454.640005427325,1085.456167272583,508.6938549999996,23060.729113499998,1950.0,7950.0
2025-07-06,80355.61200413332,58447.960620444166,21907.65138368916,4889.905563666665,4385.410999416667,7950.0,1950.0
2025-07-07,71679.9500734809,65067.48536042574,6612.464713055166,1840.4676594999992,12203.374105083334,1950.0,1950.0
2025-07-08,71597.61977556691,66162.41101741458,5435.20875815233,1190.1836761666657,11586.287906083337,1950.0,1200.0
2025-07-09,69545.75812896316,65447.349646472416,4098.408482490746,900.6751204999991,11049.428569916672,1200.0,1950.0
2025-07-10,67656.9067309261,63122.73844262585,4534.16828830025,1061.0947863333336,10448.440586833338,1950.0,1200.0
2025-07-11,31788.074357397214,31757.201719486005,30.872637911208397,13.905821083333393,18656.792114833333,1200.0,1200.0
2025-07-12,33897.001986864365,33862.277949864365,34.72403700000045,13.078733333333503,19116.867538083337,1200.0,7050.0
2025-07-13,61925.08309243508,58272.40187477171,3652.6812176633707,704.0252311666659,12967.38393575,7050.0,1950.0
2025-07-14,64441.237496967675,60948.367774006474,3492.869722961201,658.6340826666657,9414.433822666666,1950.0,1200.0
2025-07-15,66428.81346275807,65085.18620165637,1343.6272611017084,420.73379958333345,11941.245515749999,1200.0,1200.0
2025-07-16,66730.57532603707,62675.98597769973,4054.58934833733,927.3130460833322,9417.405641166668,1200.0,1200.0
2025-07-17,64616.76065818939,62012.56904626143,2604.191611927961,540.9878987500003,7985.083610833332,1200.0,1200.0
2025-07-18,31434.906932930586,31434.906932930586,0.0,0.0,19147.008676083333,1200.0,1200.0
2025-07-19,34747.25577283451,34742.27769568034,4.978077154166691,1.695241666666675,23489.67472733333,1200.0,7050.0
2025-07-20,59954.70031781156,57624.286413403985,2330.4139044075796,606.0159760833326,8237.59261016667,7050.0,1200.0
2025-07-21,68891.74646204487,61371.70308281487,7520.043379230005,1854.8854854166684,5801.176878500001,1200.0,1950.0
2025-07-22,68864.81976532521,63537.46699579338,5327.352769531831,1053.4704783333327,10303.015465749999,1950.0,1200.0
2025-07-23,70356.59368145626,61594.79039423584,8761.803287220413,1848.8550667499992,7336.319607249997,1200.0,1200.0
2025-07-24,72510.21897964903,62892.4885692016,9617.730410447419,2003.697608416667,9209.02994741667,1200.0,1200.0
2025-07-25,33180.74622262527,33180.74622262527,0.0,0.0,26507.849195916668,1200.0,1200.0
2025-07-26,36658.66001756702,36467.20537650731,191.45464105970825,95.74873841666664,24878.0421795,1200.0,7050.0
2025-07-27,66356.08009756047,58978.57302837814,7377.5070691823275,1401.8343051666657,8296.905501166668,7050.0,1200.0
2025-07-28,81101.27013546415,62482.18914737208,18619.080988092068,4056.1439842499976,6042.654143000001,1200.0,1950.0
2025-07-29,74384.06640376888,63089.62873011426,11294.437673654626,2735.2721647500002,8752.273688083336,1950.0,1200.0
2025-07-30,72143.57198497503,63521.78019982717,8621.791785147867,1744.7608812499982,8489.070752499998,1200.0,1200.0
2025-07-31,68000.02490735552,62915.5127317859,5084.512175569617,1091.4511332499985,7776.450496750003,1200.0,1200.0
2025-08-01,32630.753794531716,32630.753794531716,0.0,0.0,30694.552038166665,1200.0,1200.0
2025-08-02,35344.020101229704,35344.020101229704,0.0,0.0,31150.839476166664,1200.0,7800.0
2025-08-03,55947.84125076409,55943.13235204984,4.708898714249997,1.6959992499999998,16450.415113333333,7800.0,1200.0
2025-08-04,59567.856452594315,59444.82395507973,123.0324975145831,42.641941666666526,13013.56008916667,1200.0,1200.0
2025-08-05,58440.72601095784,58415.76051439559,24.96549656225106,4.172390166666844,12006.481447250002,1200.0,1200.0
2025-08-06,63752.80115742158,58197.47849049779,5555.322666923788,1135.6780478333326,8461.910801500002,1200.0,1200.0
2025-08-07,57783.29578485954,56725.98253273554,1057.3132521239995,272.77249333333344,11687.196627833331,1200.0,1200.0
2025-08-08,29314.619280494062,29314.619280494062,0.0,0.0,32625.36055591666,1200.0,1200.0
2025-08-09,32704.83311641026,32704.83311641026,0.0,0.0,29576.474647999996,1200.0,7180.632387974078
2025-08-10,58161.872586720914,52339.56045413229,5822.312132588624,1538.5826051666659,7371.4778043333345,7180.632387974078,1950.0
2025-08-11,57745.684835937514,54549.384121121475,3196.3007148160405,672.5409623333331,9040.906559083336,1950.0,1950.0
2025-08-12,60632.634913313515,55154.69993473231,5477.934978581206,1114.9875196666667,5982.698540833337,1950.0,1200.0
2025-08-13,59986.613472213794,55404.519584300084,4582.093887913714,867.2685985833346,7239.3141853333345,1200.0,1200.0
2025-08-14,60675.278164906624,55250.571036559966,5424.70712834666,1059.9969625833323,7471.336736916667,1200.0,1200.0
2025-08-15,28605.42503105513,28605.42503105513,0.0,0.0,29296.48008333333,1200.0,1200.0
2025-08-16,31749.00903199333,31749.00903199333,0.0,0.0,29662.62217133333,1200.0,7200.0
2025-08-17,53309.56969956184,50065.845477838055,3243.7242217237895,637.8247291666665,7564.382637500003,7200.0,1200.0
2025-08-18,59204.255973777465,54104.30435260643,5099.951621171037,983.2216713333326,7383.417653083338,1200.0,1200.0
2025-08-19,57701.01823591021,53897.19617161401,3803.822064296206,815.7978124166659,6980.203652416665,1200.0,1200.0
2025-08-20,69282.57293890894,54548.47477435105,14734.098164557885,3455.4180882500013,3309.794611500003,1200.0,1200.0
2025-08-21,58757.18576836013,53478.67531709013,5278.510451269998,1213.0844599166662,5070.797957166669,1200.0,1200.0
2025-08-22,28243.068564030284,28211.502018355284,31.566545675000143,13.38132500000006,24259.907905916676,1200.0,1200.0
2025-08-23,30141.885469255252,30141.885469255252,0.0,0.0,22900.861526333334,1200.0,6450.0
2025-08-24,57779.31123003563,49141.98882741534,8637.322402620284,1841.8503334166655,5614.823069416669,6450.0,1200.0
2025-08-25,75207.89014379616,52584.53648371306,22623.353660083107,5327.566419666663,2617.456537416668,1200.0,1200.0
2025-08-26,59660.2888585369,52381.678532167905,7278.610326368995,1652.2219025833322,4994.974697166667,1200.0,1200.0
2025-08-27,60688.95704694909,53284.651686374425,7404.30536057467,1415.3472461666674,3753.9955710833337,1200.0,1200.0
2025-08-28,77386.530601029,52665.18378374958,24721.346817279416,5303.152976833333,2857.252142666668,1200.0,1200.0
2025-08-29,28258.772144010836,28179.881279271336,78.89086473950053,24.93257558333351,23330.472008166667,1200.0,1200.0
2025-08-30,31703.150862577902,31691.747054502903,11.403808075000121,4.495883333333381,27305.899043749996,1200.0,7950.0
2025-08-31,62361.623204962,47526.38130717054,14835.241897791464,3665.972923833334,3453.8057728333333,7950.0,1402.957122407408
2025-09-01,49199.23784881088,46540.95246481676,2658.2853839941254,827.2751270000001,15263.93254825,1402.957122407408,1200.0
2025-09-02,48732.41742740589,46430.38404429276,2302.0333831131284,496.89459283333406,14117.789890166669,1200.0,1200.0
2025-09-03,46734.25032129235,46244.49226465718,489.7580566351669,120.74491591666671,10995.389366916666,1200.0,1200.0
2025-09-04,45790.11516122811,44577.416775538106,1212.6983856900008,282.81937441666696,11055.69466366667,1200.0,1200.0
2025-09-05,22611.29623588305,22611.29623588305,0.0,0.0,35859.85163175,1200.0,1200.0
2025-09-06,25495.009500644715,25495.009500644715,0.0,0.0,34671.427950083336,1200.0,8700.0
2025-09-07,44821.91861763436,39964.52555397703,4857.39306365733,1141.0194114166661,9513.423469833335,8700.0,1200.0
2025-09-08,55309.64509568714,43964.93185725023,11344.71323843691,2604.159357999998,6302.585214416667,1200.0,1200.0
2025-09-09,44855.959526480285,43743.153771075406,1112.8057554048787,268.3373725833342,10705.649068833336,1200.0,1200.0
2025-09-10,58874.35477659422,45536.81583175598,13337.538944838243,2931.0373788333313,6246.930443833334,1200.0,1950.0
2025-09-11,45089.5730167404,43656.87541974728,1432.6975969931236,253.96661124999986,11005.333211500001,1950.0,1200.0
2025-09-12,22245.02267848574,22222.726001113282,22.296677372457694,8.001678583333103,30107.700645749996,1200.0,1200.0
2025-09-13,25571.1434424057,25571.1434424057,0.0,0.0,33501.741068,1200.0,10050.0
2025-09-14,49201.8557757511,39998.67537802935,9203.180397721746,2262.765508083333,5528.617634083335,10050.0,1200.0
2025-09-15,47749.083864976674,43874.178762682845,3874.905102293831,924.3369172499997,8473.583600166668,1200.0,3300.0
2025-09-16,48772.03488511438,41416.4730357801,7355.561849334277,2405.7062643333293,2942.1576220000006,3300.0,1950.0
2025-09-17,48422.448296461735,44555.85196456528,3866.596331896458,886.3780383333332,4883.8983244166675,1950.0,2700.0
2025-09-18,46917.536161368385,40945.21553815919,5972.320623209198,1281.5574645833317,3492.0998167500015,2700.0,1200.0
2025-09-19,20894.671459451445,20894.671459451445,0.0,0.0,22563.30149783333,1200.0,1950.0
2025-09-20,23136.51757279291,23120.247775823616,16.26979696929198,8.048378416666822,22847.64921158333,1950.0,10050.0
2025-09-21,43436.58003103868,40195.79988348551,3240.780147553167,977.2708975833336,5238.474278166667,10050.0,3450.0
2025-09-22,53034.63654297938,41569.00348201189,11465.633060967495,2896.7680965833324,2549.4409546666684,3450.0,3450.0
2025-09-23,58452.461557961644,39878.589112420275,18573.87244554137,4231.235092499997,919.4569997499996,3450.0,1950.0
2025-09-24,52893.50725009928,42514.59912459925,10378.908125500038,2949.205079333332,3195.5306635833363,1950.0,2700.0
2025-09-25,52571.91004802226,40560.331744731055,12011.57830329121,3104.215172833334,2706.373836083335,2700.0,1200.0
2025-09-26,19235.364335955488,19235.364335955488,0.0,0.0,19251.68580341667,1200.0,1950.0
2025-09-27,23030.522168228475,22681.28225912764,349.2399091008332,181.2104131666664,19413.003935166664,1950.0,10050.0
2025-09-28,54800.017783903095,38647.05444443815,16152.963339464946,3813.788014416664,1049.3200690833348,10050.0,3450.0
2025-09-29,55385.21050065773,41728.51260489199,13656.697895765741,3254.4465702499992,1641.398560583335,3450.0,2700.0
2025-09-30,62255.5077465232,42124.36729994978,20131.14044657342,4650.181061416668,839.4831932500014,2700.0,1950.0
2025-10-01,42887.16307445956,42080.310352462315,806.852721997247,368.5945826666655,14774.672793083333,1950.0,1950.0
2025-10-02,41517.98902961902,40541.72579567469,976.2632339443326,435.4740908333331,10780.291771083332,1950.0,1200.0
2025-10-03,18633.544553172527,18633.544553172527,0.0,0.0,29572.48786608333,1200.0,2700.0
2025-10-04,21605.963988107815,21605.963988107815,0.0,0.0,24728.491184416667,2700.0,10050.0
2025-10-05,39900.0453937185,38675.427298480165,1224.6180952383336,498.48362875,8215.96633441667,10050.0,4950.0
2025-10-06,42224.22500349355,41015.88596952268,1208.3390339708715,423.7717824999988,4981.5097196666675,4950.0,2700.0
2025-10-07,44109.643564458594,42280.25308018013,1829.3904842784623,496.4462891666678,5045.019987916669,2700.0,4200.0
2025-10-08,43347.2779452776,41449.59457569364,1897.683369583958,663.0925842500005,5651.205127916668,4200.0,4800.0
2025-10-09,40100.07976559894,38281.51961786253,1818.5601477364125,541.8323725833325,4516.169340250002,4800.0,1200.0
2025-10-10,19679.98534046433,19679.98534046433,0.0,0.0,28190.575779666666,1200.0,5253.36341074074
2025-10-11,20629.699223876476,20611.982943418978,17.71628045749999,8.686576500000001,24257.177863666664,5253.36341074074,10200.0
2025-10-12,41704.54580887401,39977.8380670746,1726.7077417994144,507.5023310833329,4237.125064166667,10200.0,7950.0
2025-10-13,40552.18402195455,39696.74862990651,855.4353920480364,241.77816349999895,5787.974976500002,7950.0,3450.0
2025-10-14,47379.221782824396,44256.14094612881,3123.0808366955853,798.7715650000005,3738.1311563333356,3450.0,6450.0
2025-10-15,50283.63756159965,40759.17673038386,9524.46083121579,2345.736913999999,1636.5367889166675,6450.0,6450.0
2025-10-16,55403.86469122465,38543.940594259446,16859.924096965206,3725.0594219999994,1538.0641085000016,6450.0,1200.0
2025-10-17,20317.411632522264,20317.411632522264,0.0,0.0,21986.001195916666,1200.0,5700.0
2025-10-18,20601.074516035253,20601.074516035253,0.0,0.0,22675.698474,5700.0,10200.0
2025-10-19,54048.939563096705,40906.40826550491,13142.531297591791,2828.382074666667,2316.606438916668,10200.0,6450.0
2025-10-20,54524.24514794306,43764.32490374707,10759.920244195997,2263.8777893333327,2249.5850383333336,6450.0,7200.0
2025-10-21,53626.27510797558,45204.78842964121,8421.486678334371,2294.9858893333326,1933.9465501666673,7200.0,7200.0
2025-10-22,59092.84185274055,42759.08223552088,16333.75961721967,3256.8849425000003,1928.4208326666683,7200.0,6300.0
2025-10-23,48956.39614043377,40572.68022204293,8383.715918390837,1861.639677083334,2504.615722500001,6300.0,1200.0
2025-10-24,20131.193478508558,20124.514986875223,6.678491633333264,4.139133333333291,19842.747033416665,1200.0,5485.938634537037
2025-10-25,20606.140595357872,20606.140595357872,0.0,0.0,19573.67255683333,5485.938634537037,10200.0
2025-10-26,46969.808985004325,43482.99630256437,3486.8126824399615,862.1260591666669,2763.0444571666662,10200.0,7050.0
2025-10-27,52267.860135261566,44170.144437087605,8097.715698173959,1808.2478277499997,4357.7939743333345,7050.0,6450.0
2025-10-28,52755.489767842584,46686.97957704909,6068.510190793495,1376.7174453333325,2928.960054250002,6450.0,7950.0
2025-10-29,67325.48015222182,44508.002249845995,22817.47790237582,5000.025209999998,1017.1417509999998,7950.0,7800.0
2025-10-30,48162.25947442293,42651.258928508265,5511.000545914667,1306.711555416666,2410.3596899166687,7800.0,1200.0
2025-10-31,21609.46653588593,21347.85695715193,261.6095787340004,179.0400627500003,15494.880194500001,1200.0,7200.0
2025-11-01,20388.98268898574,20386.721289673238,2.261399312500028,1.031425000000013,17401.169741749996,7200.0,10050.0
2025-11-02,55338.58803268135,45307.526165689065,10031.061866992288,2200.1141540833323,1425.7015084166662,10050.0,6450.0
2025-11-03,59480.74237739524,48076.108591574244,11404.633785820994,3146.8221459166652,2000.0732770833329,6450.0,7200.0
2025-11-04,53831.925126368085,49487.43541841238,4344.489707955702,1012.8015404999992,4218.16077058333,7200.0,7800.0
2025-11-05,54693.7270724827,51024.91177679191,3668.815295690796,965.1207203333339,3164.2524773333316,7800.0,8550.0
2025-11-06,60435.469771418735,47490.535714707774,12944.934056710958,2884.196941416666,2812.486613833334,8550.0,1950.0
2025-11-07,22348.125551405545,22348.125551405545,0.0,0.0,19195.665534666667,1950.0,6538.444875092591
2025-11-08,22442.52390712302,22439.473074402187,3.0508327208332355,1.3430916666666235,19289.64987008333,6538.444875092591,10200.0
2025-11-09,53523.64251117752,49587.98546042831,3935.657050749208,1006.8793702499999,2622.729425333331,10200.0,5700.0
2025-11-10,62852.123348516674,52936.64102957242,9915.482318944252,2610.8295829166673,1834.0647608333334,5700.0,6300.0
2025-11-11,55060.23462026813,53698.904253401546,1361.3303668665808,364.06043216666626,3753.944721499999,6300.0,7050.0
2025-11-12,55456.73843669081,54032.16857862889,1424.5698580619196,303.42883183333424,5777.09826425,7050.0,6300.0
2025-11-13,55416.84871181441,51747.485403877115,3669.3633079372935,1005.3065394166669,3449.4798275833346,6300.0,1200.0
2025-11-14,24749.852529702726,24749.852529702726,0.0,0.0,18071.6819185,1200.0,7800.0
2025-11-15,23638.187565618602,23638.187565618602,0.0,0.0,18023.604679333333,7800.0,10050.0
2025-11-16,60090.26372319657,54604.102383021615,5486.161340174955,1311.773798749999,3663.0886897499995,10050.0,8550.0
2025-11-17,57083.99709838535,55646.89521411406,1437.1018842712872,395.51969599999916,5456.008030250002,8550.0,7800.0
2025-11-18,60278.101082725756,56289.29704514214,3988.8040375836163,1081.274803499998,3486.603633083333,7800.0,7800.0
2025-11-19,59504.74834506226,57604.40733192468,1900.3410131375795,533.9307573333327,3378.3838829166666,7800.0,7950.0
2025-11-20,56440.160737433216,52595.67279561117,3844.487941822046,849.9328939166674,3370.514062416666,7950.0,1200.0
2025-11-21,26358.562309876517,26358.562309876517,0.0,0.0,19817.834687666666,1200.0,7050.0
2025-11-22,25261.525152176273,25261.525152176273,0.0,0.0,18541.74290558333,7050.0,10050.0
2025-11-23,60415.235723257014,55747.80413339964,4667.431589857375,1009.8891108333332,4893.625446,10050.0,6300.0
2025-11-24,60755.95662632229,59096.126555488794,1659.830070833496,411.735782249999,6280.792212416668,6300.0,7950.0
2025-11-25,59411.3968019538,57105.94736161305,2305.449440340754,568.0922075000012,3649.7117240000016,7950.0,7050.0
2025-11-26,61931.938587585384,59828.71379400797,2103.224793577413,528.546161916666,4107.309136000002,7050.0,8550.0
2025-11-27,57697.43763189347,55713.35881495525,1984.078816938213,429.81596275000106,4931.1515735833345,8550.0,1200.0
2025-11-28,27403.747560044805,27403.747560044805,0.0,0.0,20252.712095916664,1200.0,7950.0
2025-11-29,26132.296446409084,26129.76742637575,2.529020033333248,1.160633333333294,16059.223043166665,7950.0,10200.0
2025-11-30,65371.18592687826,59467.06130450705,5904.124622371204,1384.737909749999,2288.7624870833347,10200.0,8700.0
2025-12-01,89045.29395481871,62606.4823222478,26438.811632570912,5722.644603333332,1145.80373975,8700.0,6450.0
2025-12-02,98034.33861003674,65005.55437791618,33028.784232120546,6865.826168,441.4255349166669,6450.0,5700.0
2025-12-03,85501.16301575449,66917.49061939964,18583.672396354836,4627.506210666667,1102.4958769166656,5700.0,6450.0
2025-12-04,82014.76746839272,64511.11382095734,17503.653647435374,3840.209857083333,2185.322541916668,6450.0,1200.0
2025-12-05,32990.77414469333,32903.07878383658,87.69536085674966,42.80186341666649,16057.412466,1200.0,7800.0
2025-12-06,32351.808566480642,32330.414137789267,21.39442869137429,10.826218083333004,14130.04320725,7800.0,10200.0
2025-12-07,77029.57157191452,68515.3197289111,8514.251843003429,1974.9247836666686,2052.996594833335,10200.0,8550.0
2025-12-08,76914.16515785335,69102.57507058485,7811.5900872685015,1696.6709370833337,2187.011695166665,8550.0,7800.0
2025-12-09,75412.5077736894,69318.16324695412,6094.344526735284,1214.8572864166654,3322.225154500003,7800.0,7050.0
2025-12-10,77160.28390774898,71746.00078697277,5414.28312077621,1272.8194964166664,2695.536966333335,7050.0,7800.0
2025-12-11,69749.9097854871,66873.00599367653,2876.903791810582,707.1762557499995,4621.431851750001,7800.0,1950.0
2025-12-12,35639.53248265491,35639.53248265491,0.0,0.0,16703.998314833334,1950.0,9300.0
2025-12-13,34321.90909738676,34318.640432586755,3.2686647999998257,1.5505999999999176,18221.54919525,9300.0,10200.0
2025-12-14,75696.9339935215,73029.6888872127,2667.2451063087865,525.7105306666658,3466.7777113333377,10200.0,9450.0
2025-12-15,77916.03978341307,73523.4181592827,4392.621624130372,939.9152846666657,4208.3410757500005,9450.0,8550.0
2025-12-16,76151.64147835087,74729.14590076887,1422.4955775819953,333.17357308333226,4953.860074000002,8550.0,8550.0
2025-12-17,75427.16532099887,74128.41447178563,1298.7508492132472,309.11863766666613,6399.571494999999,8550.0,7050.0
2025-12-18,72889.70391237574,71456.49084203142,1433.2130703443318,395.78334458333273,6433.241773166669,7050.0,2700.0
2025-12-19,38024.29742535617,38024.29742535617,0.0,0.0,21377.94027766666,2700.0,9300.0
2025-12-20,36453.99978813835,36453.99978813835,0.0,0.0,23349.335402666668,9300.0,10200.0
2025-12-21,77718.01552980092,75639.87358079413,2078.14194900679,432.58960741666624,6847.660815916667,10200.0,9450.0
2025-12-22,78562.73991083157,77182.1221212129,1380.617789618669,273.2900705000003,7961.0726245000005,9450.0,8550.0
2025-12-23,78552.92208184856,77866.67431364798,686.2477682005892,142.43608883333422,9935.002731333334,8550.0,9300.0
2025-12-24,77052.98811178855,76248.54159211156,804.4465196769945,162.78603183333257,9091.121929083332,9300.0,8550.0
2025-12-25,74398.20981988014,73285.53779011205,1112.672029768086,232.51027550000043,8157.533626083334,8550.0,1950.0
2025-12-26,40203.365505816575,40203.365505816575,0.0,0.0,24022.024196583327,1950.0,10050.0
2025-12-27,37233.963044027856,37233.963044027856,0.0,0.0,24639.81415866666,10050.0,10200.0
2025-12-28,77154.868169484,76277.360122677,877.5080468070038,164.79736550000064,10706.968129166667,10200.0,8700.0
2025-12-29,77741.71270808036,77237.38561245929,504.32709562107937,125.33078999999941,10197.216282916666,8700.0,8550.0
2025-12-30,76085.51895626921,75977.98764542205,107.5313108471671,29.47579499999995,10562.448219083335,8550.0,8550.0
2025-12-31,75585.38664626183,74578.26104555011,1007.1256007117136,267.94335341666704,7383.999009333337,8550.0,6000.0
